ntl_raw,fit,se,lo,hi
1.441977783e-05,1.308551306023513,0.1124584044255648,1.088132833349406,1.52896977869762
3.916867308359045e-05,1.3137273683969264,0.1124552207459191,1.093315135734925,1.534139601058928
6.39175683371809e-05,1.3189031316922892,0.1124521609646509,1.098496896201573,1.5393093671830052
8.866646359077137e-05,1.3240782968315523,0.1124492252883392,1.1036778152664075,1.5444787783966971
0.0001134153588443,1.3292525647366649,0.1124464138808016,1.1088575935302936,1.5496475359430362
0.0001381642540979,1.3344256363295768,0.1124437268631172,1.114035931677867,1.5548153409812866
0.0001629131493515,1.3395972125322386,0.1124411643136624,1.1192125304774605,1.559981894587017
0.0001876620446051,1.3447669942665996,0.1124387262681604,1.1243870907810052,1.565146897752194
0.0002124109398587,1.3499346824546097,0.1124364127197425,1.129559313523914,1.5703100513853048
0.0002371598351123,1.355099978018219,0.1124342236190236,1.1347288997249327,1.575471056311505
0.0002619087303659,1.3602625818793774,0.1124321588741894,1.1398955504859662,1.5806296132727886
0.0002866576256194,1.365422194960035,0.1124302183510975,1.1450589669918838,1.585785422928186
0.000311406520873,1.3705785181821408,0.1124284018733909,1.1502188505102946,1.590938185853987
0.0003361554161266,1.375731252467646,0.1124267092226245,1.1553749023913018,1.59608760254399
0.0003609043113802,1.380880098738499,0.1124251401384046,1.160526824067226,1.601233373409772
0.0003856532066338,1.3860247579166514,0.1124236943185416,1.1656743170523098,1.6063751987809929
0.0004104021018874,1.3911649309240517,0.1124223714192146,1.1708170829423907,1.6115127789057122
0.000435150997141,1.39630031868265,0.1124211710551504,1.1759548234145552,1.6166458139507447
0.0004598998923946,1.4014306221143968,0.112420092799814,1.1810872402267614,1.6217740040020323
0.0004846487876482,1.4065555421412417,0.1124191361856132,1.1862140352174395,1.6268970490650436
0.0005093976829018,1.4116747796851343,0.1124183007041146,1.1913349103050694,1.6320146490651992
0.0005341465781553,1.416788035668025,0.1124175858062744,1.196449567487727,1.637126503848323
0.0005588954734089,1.421895011011863,0.1124169909026801,1.2015577088426102,1.642232313181116
0.0005836443686625,1.4269954066385997,0.1124165153638063,1.206659036525539,1.64733177675166
0.0006083932639161,1.4320889234701828,0.1124161585202833,1.2117532527704271,1.6524245941699385
0.0006331421591697,1.437175262428564,0.1124159196631777,1.2168400598887357,1.657510464968392
0.0006578910544233,1.442254124435692,0.1124157980442863,1.2219191602688908,1.662589088602493
0.0006826399496769,1.4473252104135172,0.1124157928764433,1.2269902563756885,1.6676601644513462
0.0007073888449305,1.4523882212839898,0.1124159033338393,1.2320530507496643,1.672723391818315
0.0007321377401841,1.4574428579690593,0.1124161285523539,1.2371072460064456,1.677778469931673
0.0007568866354377,1.462488821390676,0.1124164676299002,1.2421525448360715,1.6828250979452803
0.0007816355306913,1.4675258124707888,0.1124169196267831,1.247188650002294,1.6878629749392835
0.0008063844259448,1.4725535321313483,0.112417483566069,1.252215264341853,1.6928917999208437
0.0008311333211984,1.477571681294305,0.1124181584339697,1.2572320907637242,1.6979112718248857
0.000855882216452,1.482579960881608,0.1124189431802375,1.2622388322483424,1.7029210895148734
0.0008806311117056,1.4875780718152067,0.1124198367185739,1.267235191846802,1.7079209517836116
0.0009053800069592,1.4925657150170522,0.1124208379270507,1.2722208726800328,1.7129105573540715
0.0009301289022128,1.4975425914090934,0.1124219456485434,1.2771955779379485,1.7178896048802383
0.0009548777974664,1.502508401913281,0.1124231586911776,1.282159010878573,1.7228577929479891
0.00097962669272,1.5074628474515646,0.1124244758287878,1.2871108748271405,1.7278148200759886
0.0010043755879736,1.5124056289458936,0.1124258958013887,1.2920508731751716,1.7327603847166155
0.0010291244832272,1.5173364473182185,0.1124274173156588,1.296978709379527,1.73769418525691
0.0010538733784807,1.522255003490489,0.1124290390454373,1.3018940869614315,1.742615920019546
0.0010786222737343,1.527160998384655,0.1124307596322321,1.30679670950548,1.74752528726383
0.0011033711689879,1.5320541329226662,0.1124325776857419,1.311686280658612,1.7524219851867204
0.0011281200642415,1.536934108026473,0.1124344917843891,1.31656250412907,1.7573057119238755
0.0011528689594951,1.5418006246180245,0.1124365004758665,1.321425083685326,1.7621761655507229
0.0011776178547487,1.5466533836192713,0.1124386022776951,1.3262737231549888,1.7670330440835538
0.0012023667500023,1.551492085952163,0.1124407956777954,1.331108126423684,1.771876045480642
0.0012271156452559,1.5563164325386496,0.1124430791350702,1.3359279974339118,1.7767048676433874
0.0012518645405095,1.5611261243006809,0.1124454510800001,1.3407330401838804,1.781519208417481
0.0012766134357631,1.5659208621602063,0.112447909915251,1.3455229587263144,1.7863187655940986
0.0013013623310167,1.570700347039177,0.1124504540162942,1.35029745716724,1.7911032369111135
0.0013261112262702,1.5754642798595415,0.1124530817320383,1.3550562396647463,1.7958723200543367
0.0013508601215238,1.5802123615432506,0.1124557913854737,1.3597990104277222,1.800625712658779
0.0013756090167774,1.584944293012254,0.1124585812743287,1.3645254737145696,1.8053631123099383
0.001400357912031,1.589659775188501,0.1124614496717386,1.3692353338318934,1.8100842165451088
0.0014251068072846,1.5943585089939425,0.1124643948269261,1.3739282951331673,1.8147887228547177
0.0014498557025382,1.5990401953505275,0.1124674149658942,1.3786040620173747,1.8194763286836804
0.0014746045977918,1.6037045351802064,0.1124705082921309,1.3832623389276295,1.824146731432783
0.0014993534930454,1.6083512294049291,0.1124736729873264,1.3879028303497694,1.828799628460089
0.001524102388299,1.612979978946645,0.1124769072121018,1.3925252408109254,1.8334347170823648
0.0015488512835526,1.6175904847273044,0.1124802091067501,1.397129274878074,1.8380516945765344
0.0015736001788061,1.622182447668857,0.112483576791989,1.4017146371565588,1.842650258181156
0.0015983490740597,1.626755568693253,0.1124870083697258,1.4062810322885906,1.847230105097916
0.0016230979693133,1.6313095487224425,0.1124905019238343,1.410828164951727,1.8517909324931576
0.0016478468645669,1.6358440886783745,0.1124940555209431,1.4153557398573258,1.8563324374994232
0.0016725957598205,1.6403588894829997,0.1124976672112363,1.4198634617489765,1.8608543172170229
0.0016973446550741,1.6448536520582673,0.1125013350292659,1.424351035400906,1.8653562687156289
0.0017220935503277,1.6493280773261276,0.1125050569947759,1.4288181656163668,1.8698379890358885
0.0017468424455813,1.6537818662085306,0.1125088311135383,1.4332645572259954,1.8742991751910656
0.0017715913408349,1.6582147196274262,0.1125126553782012,1.4376899150861515,1.8787395241687008
0.0017963402360885,1.662626338504764,0.1125165277691477,1.4420939440772342,1.8831587329322936
0.0018210891313421,1.6670164237624938,0.1125204462553682,1.446476349101972,1.8875564984230155
0.0018458380265956,1.6713846763225664,0.1125244087953425,1.4508368350836949,1.8919325175614377
0.0018705869218492,1.6757307971069304,0.1125284133379351,1.4551751069645775,1.8962864872492835
0.0018953358171028,1.680054487037537,0.1125324578233016,1.4594908697038655,1.900618104371208
0.0019200847123564,1.6843554470363344,0.1125365401838068,1.4637838282760731,1.904927065796596
0.00194483360761,1.688633378025274,0.1125406583449544,1.4680536876691632,1.9092130683813848
0.0019695825028636,1.692887980926305,0.1125448102263289,1.4723001528827004,1.9134758089699104
0.0019943313981172,1.697118956661378,0.1125489937425483,1.4765229289259834,1.917714984396773
0.0020190802933708,1.7013260061524422,0.1125532068042289,1.4807217208161536,1.9219302914887308
0.0020438291886244,1.7055088303214476,0.1125574473189618,1.4848962335762823,1.9261214270666127
0.002068578083878,1.7096671300903443,0.1125617131923009,1.4890461722334345,1.930288087947254
0.0020933269791315,1.7138006063810818,0.1125660023287624,1.4931712418167074,1.934429970945456
0.0021180758743851,1.7179089601156103,0.1125703126328358,1.497271147355252,1.9385467728759689
0.0021428247696387,1.7219918922158797,0.112574642010007,1.501345593876266,1.9426381905554928
0.0021675736648923,1.7260491036038397,0.1125789883677921,1.505394286402967,1.9467039208047123
0.0021923225601459,1.730080295201441,0.1125833496167837,1.5094169299525444,1.950743660450337
0.0022170714553995,1.7340851679306315,0.1125877236717083,1.5134132295340834,1.95475710632718
0.0022418203506531,1.7380634227133636,0.1125921084524948,1.5173828901464737,1.9587439552802528
0.0022665692459067,1.7420147604715854,0.1125965018853557,1.521325616776288,1.9627039041668828
0.0022913181411603,1.7459388821272477,0.1126009019038787,1.5252411143956457,1.96663664985885
0.0023160670364139,1.7498354886023,0.1126053064501306,1.529129087960044,1.970541889244556
0.0023408159316675,1.7537042808186922,0.1126097134757723,1.5329892424061784,1.974419319231206
0.002365564826921,1.7575449596983743,0.1126141209431858,1.53682128264973,1.9782686367470184
0.0023903137221746,1.7613572261632962,0.1126185268266124,1.5406249135831358,1.9820895387434565
0.0024150626174282,1.7651407811354076,0.1126229291133021,1.5443998400733354,1.98588172219748
0.0024398115126818,1.7688953255366588,0.112627325804676,1.5481457669594938,1.989644884113824
0.0024645604079354,1.7726205602889993,0.1126317149174982,1.5518623990507028,1.993378721527296
0.002489309303189,1.776316186314379,0.1126360944850613,1.5555494411236588,1.9970829315050995
0.0025140581984426,1.7799819045347482,0.1126404625583819,1.5592065979203196,2.000757211149177
0.0025388070936962,1.7836174158720564,0.1126448172074087,1.562833574145535,2.0044012575985777
0.0025635559889498,1.7872224212482537,0.1126491565222418,1.5664300744646595,2.008014768031848
0.0025883048842034,1.7907966215852895,0.1126534786143634,1.5699958035011374,2.011597439669442
0.0026130537794569,1.7943397178051146,0.1126577816178807,1.5735304658340683,2.015148969776161
0.0026378026747105,1.797851410829678,0.1126620636907803,1.5770337659957487,2.0186690556636075
0.0026625515699641,1.80133140158093,0.1126663230161935,1.5805054084691907,2.0221573946926696
0.0026873004652177,1.804779390980821,0.1126705578036744,1.583945097685619,2.025613684276023
0.0027120493604713,1.8081950799513,0.1126747662904889,1.5873525380219418,2.0290376218806583
0.0027367982557249,1.8115781694143167,0.1126789467429157,1.5907274337982025,2.032428905030432
0.0027615471509785,1.8149283602918225,0.1126830974575592,1.5940694892750065,2.0357872313086385
0.0027862960462321,1.818245353505766,0.1126872167626735,1.597378408650926,2.0391122983606063
0.0028110449414857,1.8215288499780973,0.112691303019499,1.600653896059879,2.0424038038963155
0.0028357938367393,1.8247785506307663,0.1126953546236103,1.6038956555684902,2.045661445693043
0.0028605427319929,1.827994156385724,0.1126993700062756,1.6071033911734232,2.048884921598024
0.0028852916272464,1.8311753681649177,0.112703347635829,1.610276806798693,2.0520739295311428
0.0029100405225,1.8343218868903,0.1127072860190534,1.6134156062929552,2.0552281674876447
0.0029347894177536,1.8374334134838195,0.1127111837025763,1.61651949342677,2.058347333540869
0.0029595383130072,1.840509648867426,0.1127150392742765,1.619588171889844,2.061431125845008
0.0029842872082608,1.84355029396307,0.1127188513647039,1.62262134528825,2.0644792426378897
0.0030090361035144,1.8465550496927008,0.1127226186485104,1.6256187171416203,2.067491382243781
0.003033784998768,1.8495236169782687,0.1127263398458928,1.628579990880319,2.0704672430762185
0.0030585338940216,1.852455696741724,0.1127300137240484,1.6315048698425885,2.073406523640858
0.0030832827892752,1.855350989905015,0.1127336390986418,1.634393057271677,2.076308922538353
0.0031080316845288,1.858209197390093,0.1127372148352844,1.6372442563129352,2.07917413846725
0.0031327805797823,1.861030020118908,0.1127407398510258,1.6400581700108972,2.082001870226918
0.0031575294750359,1.8638131590134088,0.1127442131158567,1.6428345013063297,2.084791816720488
0.0031822783702895,1.8665583149955465,0.1127476336542255,1.6455729530332643,2.087543676957828
0.0032070272655431,1.8692651889872696,0.1127510005465652,1.648273227916002,2.0902571500585374
0.0032317761607967,1.8719334819105296,0.112754312930834,1.6509350285660949,2.092931935254964
0.0032565250560503,1.8745628946872752,0.1127575700040673,1.6535580574793032,2.095567731895247
0.0032812739513039,1.877153128239457,0.1127607710239424,1.6561420170325296,2.098164239446384
0.0033060228465575,1.8797038834890245,0.1127639153103551,1.6586866094807282,2.1007211574973206
0.0033307717418111,1.882214861357928,0.1127670022470092,1.661191536953789,2.103238185762065
0.0033555206370647,1.884685762768116,0.1127700312830177,1.663656501453401,2.1057150240828304
0.0033802695323183,1.88711628864154,0.1127730019345168,1.6660812048498868,2.1081513724331926
0.0034050184275718,1.8895061399001487,0.1127759137862922,1.6684653488790164,2.110546930921282
0.0034297673228254,1.891855017465894,0.112778766493418,1.6708086351387943,2.1129013997929933
0.003454516218079,1.8941626222607235,0.1127815597829077,1.6731107650862245,2.1152144794352226
0.0034792651133326,1.8964286552065883,0.1127842934553776,1.6753714400340485,2.1174858703791286
0.0035040140085862,1.898652817225438,0.1127869673867236,1.6775903611474596,2.119715273303416
0.0035287629038398,1.9008348092392229,0.1127895815298095,1.679767229440796,2.1219023890376496
0.0035535117990934,1.902974332169892,0.1127921359161683,1.6819017457742018,2.1240469185655817
0.003578260694347,1.905071086939396,0.1127946306577159,1.6839936108502722,2.126148563028518
0.0036030095896006,1.907124774469684,0.1127970659484777,1.6860425252106672,2.1282070237287
0.0036277584848542,1.9091350956827065,0.1127994420663275,1.6880481892327046,2.1302220021327085
0.0036525073801077,1.9111017515004127,0.1128017593747386,1.6900103031259257,2.132193199874901
0.0036772562753613,1.9130244428447545,0.112804018324549,1.691928566928638,2.1341203187608704
0.0037020051706149,1.91490287063768,0.1128062194557371,1.6938026805044348,2.1360030607709244
0.0037267540658685,1.916736735801139,0.1128083633992118,1.6956323435386835,2.137841128063594
0.0037515029611221,1.9185257392570816,0.1128104508786145,1.6974172555349971,2.139634222979166
0.0037762518563757,1.9202695819274584,0.1128124827121334,1.6991571158116767,2.14138204804324
0.0038010007516293,1.9219679647342185,0.1128144598143314,1.7008516234981288,2.143084305970308
0.0038257496468829,1.9236205885993125,0.1128163831979856,1.7025004775312604,2.144740699667364
0.0038504985421365,1.9252271544446893,0.1128182539759398,1.7041033766518474,2.146350932237532
0.0038752474373901,1.9267873631923,0.1128200733629699,1.7056600194008789,2.147914706983721
0.0038999963326437,1.9283009157640936,0.1128218426776615,1.7071701041158769,2.1494317274123103
0.0039247452278972,1.92976751308202,0.1128235633443003,1.7086333289271916,2.150901697236849
0.0039494941231508,1.93118685606803,0.1128252368947744,1.710049391754272,2.152324320381788
0.0039742430184044,1.9325586456440729,0.1128268649704904,1.7114179903019116,2.1536993009862337
0.003998991913658,1.9338825834418447,0.1128284493256108,1.7127388227636482,2.1550263441200426
0.0040237408089116,1.9351585955413872,0.1128299922361015,1.7140118107586284,2.156305380324146
0.0040484897041652,1.9363871511986657,0.1128314970421237,1.715237416996103,2.157536885401228
0.0040732385994188,1.9375688002201488,0.1128329672551972,1.7164161843999628,2.158721416040336
0.0040979874946724,1.938704092412307,0.112834406402634,1.717548655863144,2.1598595289614697
0.004122736389926,1.9397935775816064,0.1128358180228997,1.7186353742567233,2.16095178090649
0.0041474852851796,1.9408378055345168,0.1128372056610605,1.7196768824388386,2.161998728630196
0.0041722341804331,1.941837326077507,0.112838572864319,1.7206737232634417,2.1630009288915724
0.0041969830756867,1.942792689017045,0.1128399231776356,1.7216264395888792,2.163958938445211
0.0042217319709403,1.9437044441596,0.1128412601394389,1.722535574286299,2.1648733140329
0.0042464808661939,1.944573141311639,0.1128425872774218,1.723401670247892,2.1657446123753856
0.0042712297614475,1.945399330279632,0.112843908104426,1.724225270394957,2.1665733901643067
0.0042959786567011,1.9461835608700475,0.1128452261144124,1.725006917685799,2.167360204054296
0.0043207275519547,1.946926382889353,0.1128465447785204,1.725747155123453,2.168105610655253
0.0043454764472083,1.9476283461440185,0.1128478675412127,1.726446525763241,2.1688101665247954
0.0043702253424619,1.948290000440511,0.1128491978165084,1.7271055727201543,2.169474428160868
0.0043949742377155,1.9489118955853004,0.1128505389843033,1.727724839176066,2.170098951994535
0.0044197231329691,1.9494945813848543,0.1128518943867767,1.728304868386772,2.1706842943829368
0.0044444720282226,1.950038607645642,0.1128532673248868,1.7288462036888637,2.17123101160242
0.0044692209234762,1.950544524174132,0.1128546610549522,1.7293493885064248,2.1717396598418377
0.0044939698187298,1.9510128807767912,0.1128560787853218,1.7298149663575604,2.172210795196022
0.0045187187139834,1.9514442272600905,0.1128575236731314,1.7302434808607527,2.172644973659428
0.004543467609237,1.951839113430497,0.1128589988211485,1.730635475741046,2.173042751119948
0.0045682165044906,1.95219808909448,0.112860507274704,1.73099149483606,2.1734046833529
0.0045929653997442,1.952521704058508,0.1128620520187126,1.7313120821018306,2.1737313260151843
0.0046177142949978,1.952810508129048,0.1128636359747794,1.7315977816184804,2.174023234639616
0.0046424631902514,1.953065051112571,0.1128652619983955,1.7318491375957152,2.174280964629426
0.004667212085505,1.9532858828155435,0.1128669328762214,1.7320666943781495,2.174505071252937
0.0046919609807585,1.953473553044436,0.1128686513234572,1.732250996450459,2.174696109638412
0.0047167098760121,1.9536286116057144,0.1128704199813022,1.732402588442362,2.174854634769067
0.0047414587712657,1.9537516083058497,0.1128722414145018,1.7325220151334262,2.174981201478273
0.0047662076665193,1.953843092951309,0.1128741181089824,1.732609821457704,2.175076364444916
0.0047909565617729,1.9539036153485625,0.1128760524695753,1.7326665525081946,2.1751406781889298
0.0048157054570265,1.9539337253040767,0.1128780468178277,1.7326927535411345,2.1751746970670194
0.0048404543522801,1.9539339726243208,0.1128801033899036,1.73268896998011,2.1751789752685324
0.0048652032475337,1.9539049071157648,0.1128822243345716,1.7326557474200044,2.175154066811525
0.0048899521427873,1.953847078584876,0.112884411711282,1.7325936316307626,2.175100525538988
0.0049147010380409,1.9537610368381213,0.1128866674883327,1.7325031685609895,2.175018905115254
0.0049394499332945,1.953647331681973,0.1128889935411233,1.7323849043413708,2.1749097590225746
0.004964198828548,1.9535065129228963,0.1128913916504979,1.7322393852879203,2.174773640557872
0.0049889477238016,1.9533391303673613,0.1128938635011768,1.7320671579050548,2.174611102829668
0.0050136966190552,1.9531457338218363,0.1128964106802773,1.7318687688884928,2.17442269875518
0.0050384455143088,1.9529268730927904,0.112899034675923,1.7316447651279812,2.1742089810576
0.0050631944095624,1.9526830979866912,0.1129017368759423,1.7313956937098445,2.173970502263538
0.005087943304816,1.952414958310008,0.1129045185666553,1.7311221019193632,2.173707814700652
0.0051126922000696,1.9521230038692083,0.1129073809317512,1.7308245372429758,2.1734214704954407
0.0051374410953232,1.9518077844707613,0.112910325051253,1.7305035473703057,2.173112021571218
0.0051621899905768,1.9514698499211365,0.1129133519005725,1.7301596801960142,2.1727800196462588
0.0051869388858304,1.951109750026801,0.1129164623496541,1.729793483821479,2.1724260162321234
0.0052116877810839,1.950728034594224,0.1129196571622077,1.7294055065562968,2.172050562632151
0.0052364366763375,1.9503252534298736,0.1129229369950312,1.7289962969196129,2.171654209940135
0.0052611855715911,1.9499019563402191,0.1129263023974215,1.728566403641273,2.171237509039165
0.0052859344668447,1.9494586931317288,0.1129297538106756,1.7281163756628044,2.170801010600653
0.0053106833620983,1.9489960136108704,0.1129332915676804,1.7276467621382168,2.170345265083524
0.0053354322573519,1.9485144675841133,0.1129369158925918,1.7271581124346334,2.1698708227335937
0.0053601811526055,1.9480146048579263,0.1129406269006033,1.7266509761327438,2.169378233583109
0.0053849300478591,1.9474969752387767,0.1129444245978036,1.726125903027082,2.168868047450472
0.0054096789431127,1.9469621285331349,0.1129483088811236,1.7255834431261323,2.168340813940137
0.0054344278383663,1.946410614547468,0.1129522795383725,1.7250241466522578,2.167797082442678
0.0054591767336199,1.9458429830882449,0.1129563362483629,1.7244485640414535,2.1672374021350365
0.0054839256288734,1.945259783961934,0.1129604785811258,1.7238572459429276,2.1666623219809407
0.005508674524127,1.9446615669750045,0.1129647059982135,1.7232507432185058,2.166072390731503
0.0055334234193806,1.944048881933924,0.112969017853093,1.7226296069418616,2.1654681569259866
0.0055581723146342,1.9434222786451616,0.1129734133916272,1.7219943883975726,2.164850168892752
0.0055829212098878,1.9427823069151864,0.1129778917526454,1.721345639080001,2.164218974750371
0.0056076701051414,1.9421295165504653,0.1129824519686037,1.7206839106920024,2.163575122408929
0.005632419000395,1.941464457357469,0.1129870929663324,1.7200097551434574,2.162919159571481
0.0056571678956486,1.9407876791426648,0.1129918135678743,1.719323724549631,2.162251633735698
0.0056819167909022,1.9400997317125208,0.1129966124914096,1.7186263712293577,2.161573092195684
0.0057066656861558,1.9394011648735063,0.1130014883522715,1.717918247703054,2.1608840820439585
0.0057314145814093,1.9386925284320893,0.1130064396640484,1.7171999066905548,2.160185150173625
0.0057561634766629,1.93797437219474,0.1130114648397763,1.716471901108778,2.159476843280701
0.0057809123719165,1.9372472459679244,0.1130165621932182,1.7157347840692163,2.1587597078666323
0.0058056612671701,1.9365116995581129,0.1130217299402329,1.7149891088752562,2.1580342902409693
0.0058304101624237,1.9357682827717733,0.1130269662002311,1.7142354290193202,2.157301136524226
0.0058551590576773,1.9350175454153744,0.1130322689977199,1.7134742981798432,2.156560792650905
0.0058799079529309,1.9342600372953844,0.1130376362639357,1.7127062702180702,2.1558138043726984
0.0059046568481845,1.9334963082182723,0.1130430658385645,1.7119318991746857,2.155060717261859
0.0059294057434381,1.9327269079905065,0.1130485554715499,1.7111517392662687,2.1543020767147443
0.0059541546386917,1.9319523864185555,0.1130541028249891,1.710366344881577,2.1535384279555343
0.0059789035339452,1.931173293308888,0.1130597054751161,1.7095762705776605,2.152770316040116
0.0060036524291988,1.930390178467972,0.113065360914373,1.7087820710758008,2.151998285860143
0.0060284013244524,1.929603591702277,0.1130710665535676,1.7079843012572842,2.151222882147269
0.006053150219706,1.9288140828182705,0.1130768197241191,1.707183516158997,2.150444649477544
0.0060778991149596,1.928022201622421,0.1130826176803902,1.7063802709688567,2.149664132275986
0.0061026480102132,1.9272284979211989,0.1130884576021068,1.7055751210210697,2.1488818748213285
0.0061273969054668,1.9264335215210708,0.1130943365968642,1.704768621791217,2.148098421250925
0.0061521458007204,1.925637822228506,0.1131002517027198,1.7039613288911752,2.1473143155658367
0.006176894695974,1.924841949849973,0.1131061998908729,1.703153798063862,2.146530101636084
0.0062016435912276,1.92404645419194,0.1131121780684309,1.7023465851778157,2.1457463232060645
0.0062263924864812,1.923251885060876,0.1131181830812616,1.7015402462216032,2.1449635239001488
0.0062511413817347,1.9224587922632488,0.1131242117169321,1.7007353372980625,2.144182247228436
0.0062758902769883,1.9216677256055283,0.1131302607077337,1.6999324146183703,2.1434030365926864
0.0063006391722419,1.920879234894182,0.113136326733793,1.6991320344959475,2.1426264352924167
0.0063253880674955,1.9200938699356789,0.1131424064262691,1.6983347533401911,2.141852986531166
0.0063501369627491,1.9193121805364872,0.113148496370636,1.6975411276500405,2.141083233422934
0.0063748858580027,1.9185347165030755,0.113154593110052,1.6967517140073731,2.140317718998777
0.0063996347532563,1.9177620276419125,0.1131606931488138,1.6959670690702375,2.1395569862135875
0.0064243836485099,1.9169946637594668,0.1131667929558962,1.69518774956591,2.138801577953024
0.0064491325437635,1.9162331746622068,0.1131728889685786,1.6944143122837927,2.138052037040621
0.0064738814390171,1.915478110156601,0.1131789775961551,1.693647314068137,2.137308906245065
0.0064986303342706,1.9147300200491184,0.1131850552237318,1.6928873118106038,2.136572728287633
0.0065233792295242,1.9139894541462268,0.1131911182161081,1.6921348624426549,2.1358440458497987
0.0065481281247778,1.9132569622543951,0.1131971629217445,1.691390522927776,2.1351234015810143
0.0065728770200314,1.912533094180092,0.1132031856768142,1.690654850253536,2.134411338106648
0.006597625915285,1.9118183997297864,0.1132091828093418,1.689928401423476,2.1337083980360965
0.0066223748105386,1.9111134287099456,0.1132151506434255,1.6892117334488317,2.1330151239710595
0.0066471237057922,1.9104187309270395,0.1132210855035451,1.6885054033400908,2.132332058513988
0.0066718726010458,1.909734856187536,0.113226983718956,1.6878099680983818,2.1316597442766896
0.0066966214962994,1.9090623542979035,0.1132328416281669,1.687125984706696,2.1309987238891104
0.006721370391553,1.9084017750646107,0.1132386555835036,1.6864540101209435,2.130349540008278
0.0067461192868066,1.9077536682941263,0.1132444219557581,1.685794601260841,2.1297127353274123
0.0067708681820601,1.907118583792919,0.113250137138922,1.685148315000632,2.1290888525852063
0.0067956170773137,1.906497071367457,0.1132557975550065,1.6845157081596442,2.12847843457527
0.0068203659725673,1.9058896808242087,0.1132613996589463,1.683897337492674,2.127882024155744
0.0068451148678209,1.9052969619696432,0.1132669399435898,1.6832937596802071,2.127300164259079
0.0068698637630745,1.9047194646102288,0.1132724149447745,1.682705531318471,2.1267333979019867
0.0068946126583281,1.9041577385524333,0.1132778212464874,1.6821332089093184,2.1261822681955493
0.0069193615535817,1.903612333602727,0.1132831554861117,1.681577348849948,2.1256473183555062
0.0069441104488353,1.903083799567577,0.1132884143597585,1.68103850742245,2.1251290917127035
0.0069688593440889,1.902572686253452,0.1132935946276846,1.6805172407831903,2.124628131723714
0.0069936082393425,1.9020795434668207,0.113298693119796,1.680014104952021,2.1241449819816216
0.007018357134596,1.9016049210141523,0.1133037067412375,1.6795296558013266,2.123680186226978
0.0070431060298496,1.9011493687019148,0.1133086324780685,1.6790644490449005,2.123234288358929
0.0070678549251032,1.9007134363365763,0.1133134674030244,1.6786190402266483,2.122807832446504
0.0070926038203568,1.9002976737246056,0.113318208681365,1.6781939847091305,2.122401362740081
0.0071173527156104,1.899902630672472,0.1133228535768097,1.677789837661925,2.122015423683019
0.007142101610864,1.899528856986643,0.1133273994575582,1.677407154049829,2.121650559923457
0.0071668505061176,1.899176902473588,0.1133318438023993,1.6770464886208851,2.1213073163262908
0.0071915994013712,1.898847316939775,0.1133361842069061,1.676708395894239,2.120986237985311
0.0072163482966248,1.8985406501916728,0.1133404183897182,1.676393430147825,2.1206878702355203
0.0072410971918784,1.8982574520357496,0.1133445441989122,1.6761021454058815,2.1204127586656174
0.007265846087132,1.8979982722784745,0.1133485596184587,1.6758350954262955,2.120161449130653
0.0072905949823855,1.897763660726316,0.1133524627747675,1.6755928336877717,2.1199344877648603
0.0073153438776391,1.8975541671857417,0.1133562519433213,1.675375913376832,2.1197324209946515
0.0073400927728927,1.8973703414632213,0.1133599255553965,1.675184887374644,2.1195557955517987
0.0073648416681463,1.897212733365223,0.1133634822048734,1.6750203082436703,2.119405158486775
0.0073895905633999,1.8970818926982147,0.1133669206551343,1.6748827282141514,2.119281057182278
0.0074143394586535,1.896978369268666,0.1133702398460504,1.674772699170407,2.119184039366925
0.0074390883539071,1.896902712883045,0.1133734389010582,1.6746907726369704,2.119114653129119
0.0074638372491607,1.89685547334782,0.1133765171343246,1.6746374997645437,2.1190734469310963
0.0074885861444143,1.89683720046946,0.1133794740580013,1.6746134313157768,2.119060969623142
0.0075133350396679,1.8968484440544324,0.113382309389569,1.6746191176508771,2.119077770457988
0.0075380839349214,1.896889753909208,0.1133850230592712,1.6746551087130357,2.119124399105379
0.007562832830175,1.8969616798402524,0.113387615217638,1.674721954013682,2.119201405666823
0.0075875817254286,1.8970647716540363,0.1133900862430995,1.6748202026175616,2.119309340690512
0.0076123306206822,1.897199579157028,0.1133924367496901,1.6749504031276357,2.1194487551864207
0.0076370795159358,1.897366652155696,0.1133946675948426,1.675113103669804,2.119620200641588
0.0076618284111894,1.897566540456508,0.1133967798872729,1.675308851877453,2.119824229035563
0.007686577306443,1.8977997938659328,0.113398774994955,1.6755381948758212,2.120061392856045
0.0077113262016966,1.8980669621904405,0.1134006545531871,1.6758016792661936,2.120332245114687
0.0077360750969502,1.8983685952364973,0.1134024204727478,1.6760998511099117,2.120637339363084
0.0077608239922038,1.8987052428105733,0.1134040749481435,1.6764332559122122,2.120977229708935
0.0077855728874574,1.8990774547191367,0.1134056204659459,1.6768024386058826,2.1213524708323908
0.0078103217827109,1.899485780768656,0.1134070598132211,1.6772079435347425,2.121763618002569
0.0078350706779645,1.8999307707656,0.1134083960860477,1.677650314436946,2.122211227094253
0.0078598195732181,1.900412974516436,0.1134096326981273,1.678130094428106,2.1226958546047654
0.0078845684684717,1.9009329418276333,0.1134107733894839,1.6786478259842452,2.1232180576710222
0.0079093173637253,1.9014912225056613,0.113411822235254,1.6792040509245638,2.12377839408676
0.0079340662589789,1.9020883663569883,0.1134127836545667,1.6797993103940374,2.124377422319939
0.0079588151542325,1.902724923188082,0.1134136624195133,1.680434144845836,2.125015701530328
0.0079835640494861,1.9034014356774875,0.1134144636905778,1.681109086843955,2.12569378451102
0.0080083129447397,1.9041180453942228,0.113415194457978,1.6818242642565857,2.12641182653186
0.0080330618399933,1.9048742870000683,0.1134158641641902,1.6825791932382554,2.127169380761881
0.0080578107352468,1.9056696446434,0.1134164825556583,1.6833733388343095,2.12796595045249
0.0080825596305004,1.9065036024725937,0.1134170594796848,1.6842061658924117,2.128801039052776
0.008107308525754,1.9073756446360253,0.1134176048712946,1.6850771390882882,2.129674150183763
0.0081320574210076,1.908285255282072,0.1134181287402989,1.6859857229510855,2.1305847876130577
0.0081568063162612,1.909231918559108,0.1134186411585597,1.686931381888331,2.131532455229885
0.0081815552115148,1.9102151186155103,0.1134191522474528,1.687913580210503,2.1325166570205183
0.0082063041067684,1.911234339599656,0.1134196721655309,1.6889317821552146,2.133536897044096
0.008231053002022,1.9122890656599183,0.1134202110963855,1.6899854519110025,2.134592679408834
0.0082558018972756,1.913378780944676,0.1134207792367077,1.6910740536407285,2.1356835082486225
0.0082805507925292,1.914502969602304,0.1134213867845481,1.692197051504589,2.1368088877000178
0.0083052996877828,1.9156611157811767,0.1134220439277762,1.6933539096827357,2.1379683218796184
0.0083300485830363,1.9168527036296727,0.1134227608327383,1.6945440923975064,2.1391613148618407
0.0083547974782899,1.918077217296168,0.1134235476331147,1.695767063935263,2.140387370657073
0.0083795463735435,1.9193341409290368,0.1134244144189769,1.697022288667842,2.1416459931902314
0.0084042952687971,1.920622958676656,0.1134253712260435,1.6983092310736108,2.1429366862797017
0.0084290441640507,1.9219431546874013,0.1134264280251374,1.6996273557581325,2.144258953616671
0.0084537930593043,1.923294213109649,0.113427594711842,1.7009761274744395,2.1456122987448603
0.0084785419545579,1.9246756180917763,0.1134288810963586,1.702355011142913,2.146996225040639
0.0085032908498115,1.9260868537821567,0.1134302968935655,1.7037634718707688,2.1484102356935457
0.0085280397450651,1.9275274043291688,0.1134318517132777,1.7052009749711443,2.149853833687193
0.0085527886403187,1.9289967538811863,0.1134335550507093,1.7066669859817962,2.151326521780577
0.0085775375355722,1.930494386586587,0.1134354162771386,1.7081609706833951,2.152827802489779
0.0086022864308258,1.9320197865937456,0.113437444630776,1.7096823951174245,2.1543571780700668
0.0086270353260794,1.933572438051039,0.1134396492078359,1.7112307256036805,2.1559141504983974
0.008651784221333,1.935151825106843,0.1134420389538136,1.7128054287573682,2.1574982214563176
0.0086765331165866,1.936757431909533,0.1134446226549662,1.7144059715057995,2.1591088923132675
0.0087012820118402,1.9383887426074864,0.1134474089300007,1.716031821104685,2.160745664110288
0.0087260309070938,1.940045241349078,0.1134504062219673,1.717682445154022,2.162408037544134
0.0087507798023474,1.9417264122826845,0.1134536227903609,1.719357311613577,2.164095512951792
0.008775528697601,1.9434317395566807,0.1134570667034301,1.721055888817958,2.165807590295404
0.0088002775928546,1.9451607073194448,0.113460745830695,1.7227776454912824,2.167543769147607
0.0088250264881082,1.946912799719351,0.1134646678356746,1.7245220507614287,2.169303548677273
0.0088497753833617,1.948687500904776,0.1134688401688242,1.7262885741738805,2.171086427635671
0.0088745242786153,1.950484295024096,0.1134732700606839,1.7280766857051546,2.172891904343036
0.0088992731738689,1.9523026662256853,0.1134779645152392,1.7298858557758163,2.1747194766755547
0.0089240220691225,1.9541420986579223,0.1134829303034933,1.7317155552630754,2.176568642052769
0.0089487709643761,1.956002076469182,0.1134881739572533,1.7335652555129657,2.1784388974253988
0.0089735198596297,1.9578820838078403,0.1134937017631304,1.7354344283521048,2.180329739263576
0.0089982687548833,1.9597816048222736,0.1134995197567541,1.7373225460990356,2.182240663545512
0.0090230176501369,1.9617001236608576,0.1135056337172029,1.7392290815751397,2.184171165746575
0.0090477665453905,1.9636371244719684,0.1135120491616503,1.7411535081151337,2.186120740828803
0.0090725154406441,1.9655920914039824,0.1135187713402278,1.7430952995771356,2.1880888832308285
0.0090972643358976,1.9675645086052749,0.1135258052311053,1.7450539303523085,2.1900750868582413
0.0091220132311512,1.9695538602242213,0.11353315553579,1.7470288753740733,2.19207884507437
0.0091467621264048,1.9715596304092,0.1135408266746434,1.7490196101268989,2.194099650691501
0.0091715110216584,1.9735813033085847,0.1135488227826178,1.7510256106546542,2.196136995962516
0.009196259916912,1.975618363070753,0.1135571477052126,1.7530463535685366,2.19819037257297
0.0092210088121656,1.97767029384408,0.1135658049946507,1.7550813160545646,2.200259271633596
0.0092457577074192,1.979736579776942,0.113574797906276,1.757129975880641,2.2023431836732428
0.0092705066026728,1.981816705017715,0.1135841293951716,1.7591918114031784,2.2044415986322514
0.0092952554979264,1.9839101537147743,0.1135938021130004,1.7612663015732937,2.206554005856255
0.00932000439318,1.9860164100164968,0.1136038184050659,1.7633529259425678,2.208679894090426
0.0093447532884336,1.988134958071259,0.1136141803075978,1.7654511646683673,2.210818751474151
0.0093695021836871,1.990265282027436,0.1136248895452574,1.7675604985187312,2.2129700655361404
0.0093942510789407,1.992406866033404,0.1136359475288678,1.7696804088768228,2.215133323189985
0.0094189999741943,1.9945591942375387,0.1136473553533656,1.771810377744942,2.217308010730135
0.0094437488694479,1.9967217507882165,0.1136591137959764,1.7739498877481026,2.2194936138283303
0.0094684977647015,1.9988940198338137,0.113671223314613,1.776098422137172,2.2216896175304552
0.0094932466599551,2.0010754855227058,0.1136836840464966,1.7782554647915725,2.223895506253839
0.0095179955552087,2.003265632003269,0.1136964958070014,1.7804205002215463,2.226110763784992
0.0095427444504623,2.00546394342388,0.1137096580887221,1.7825930135699843,2.2283348732777752
0.0095674933457159,2.0076699039329133,0.1137231700607637,1.7847724906138165,2.23056731725201
0.0095922422409695,2.009882997678746,0.1137370305682548,1.7869584177649664,2.2328075775925256
0.009616991136223,2.012102708809754,0.113751238132083,1.7891502820708711,2.2350551355486368
0.0096417400314766,2.014328521474313,0.1137657909488519,1.7913475712145632,2.2373094717340627
0.0096664889267302,2.0165599198207995,0.1137806868910612,1.7935497735143195,2.23957006612728
0.0096912378219838,2.018796387997589,0.1137959235075068,1.7957563779228758,2.241836398072303
0.0097159867172374,2.021037410153058,0.113811498023903,1.797966874026208,2.244107946279908
0.009740735612491,2.023282470435582,0.1138274073437244,1.8001807520418822,2.246384188829282
0.0097654845077446,2.025531052993537,0.1138436480492686,1.802397502816971,2.248664603170104
0.0097902334029982,2.0277826419753,0.1138602164029376,1.8046166178255425,2.250948666125058
0.0098149822982518,2.0300367215292465,0.1138771083487384,1.80683758916572,2.253235853892774
0.0098397311935054,2.032292775803752,0.1138943195140012,1.809059909556309,2.2555256420511944
0.009864480088759,2.0345502889471927,0.1139118452113158,1.8112830723330136,2.257817505561372
0.0098892289840125,2.036808745107945,0.1139296804406838,1.8135065714442045,2.260110918771685
0.0099139778792661,2.0390676284343847,0.113947819891887,1.8157299014462864,2.262405355422483
0.0099387267745197,2.041326423074888,0.1139662579470705,1.817952557498629,2.2647002886511456
0.0099634756697733,2.04358461317783,0.1139849886835403,1.8201740353580909,2.266995190997569
0.0099882245650269,2.0458416828915875,0.1140040058767739,1.8223938313731105,2.2692895344100643
0.0100129734602805,2.048097116364537,0.1140233030036426,1.8246114424773967,2.2715827902516765
0.0100377223555341,2.0503503977450537,0.1140428732458456,1.8268263661831965,2.273874429306911
0.0100624712507877,2.052601011181514,0.1140627094935541,1.829038100574148,2.2761639217888803
0.0100872201460413,2.0548484408222936,0.1140828043492645,1.831246144297735,2.2784507373468523
0.0101119690412949,2.057092170815769,0.1141031501318598,1.833449996557324,2.2807343450742144
0.0101367179365484,2.059331685310316,0.1141237388808775,1.835649157103796,2.283014213516836
0.010161466831802,2.06156646845431,0.1141445623609842,1.837843126226781,2.285289810681839
0.0101862157270556,2.0637960043961283,0.1141656120666539,1.8400314047454869,2.28756060404677
0.0102109646223092,2.0660197772841458,0.1141868792270508,1.8422134939991264,2.2898260605691654
0.0102357135175628,2.0682372712667387,0.114208354811114,1.8443888958369552,2.2920856466965223
0.0102604624128164,2.070447970492284,0.1142300295328432,1.8465571126079108,2.2943388283766564
0.01028521130807,2.072651359109156,0.1142518938567851,1.8487176471498568,2.296585071068455
0.0103099602033236,2.074846921265732,0.1142739380037183,1.850870002778444,2.29882383975302
0.0103347090985772,2.077034141110388,0.1142961519565354,1.8530136832755784,2.3010545989451976
0.0103594579938308,2.0792125027915,0.1143185254663228,1.8551481928775069,2.303276812705493
0.0103842068890844,2.081381490457443,0.1143410480586345,1.8572730362625192,2.3054899446523667
